"y","a","x","z"
0,0,-0.626453810742332,1.13496508865819
0,0,0.183643324222082,1.11193184503695
0,0,-0.835628612410047,-0.870777633605343
1,0,1.59528080213779,0.210731585072843
1,1,0.329507771815361,0.0693956473744585
0,0,-0.820468384118015,-1.66264885284192
0,1,0.487429052428485,0.81083998017723
0,0,0.738324705129217,-1.91234579604708
0,0,0.575781351653492,-1.24675342879504
1,0,-0.305388387156356,0.998154445057314
1,1,1.51178116845085,-0.540872744514261
0,0,0.389843236411431,-0.216375790780247
0,0,-0.621240580541804,-1.62193729284198
0,0,-2.2146998871775,-1.45096396539936
0,0,1.12493091814311,0.35090973068782
0,0,-0.0449336090152309,-0.174546928731224
0,0,-0.0161902630989461,-0.591428470216157
0,0,0.943836210685299,-1.33402726089608
0,0,0.821221195098089,-1.09729850119228
1,1,0.593901321217509,2.03610360936432
0,0,0.918977371608218,-0.326489593374826
0,0,0.782136300731067,0.77400521202148
0,0,0.0745649833651906,0.78500640067928
0,0,-1.98935169586337,0.763246080345894
0,0,0.61982574789471,0.294808759565037
1,0,-0.0561287395290008,-1.25235592417266
0,0,-0.155795506705329,-1.00950375276966
0,0,-1.47075238389927,0.751391194545935
0,0,-0.47815005510862,-1.30835351258276
1,1,0.417941560199702,0.527540097063652
1,1,1.35867955152904,-0.53353957357734
0,1,-0.102787727342996,-0.398376014093638
0,0,0.387671611559369,-0.789569450494829
0,0,-0.0538050405829051,-0.230141136270548
0,0,-1.37705955682861,0.877184841651799
0,0,-0.41499456329968,0.453733177541175
0,0,-0.394289953710349,-0.232464147723414
1,0,-0.0593133967111857,0.87000552469028
0,0,1.10002537198388,1.65600373414682
0,0,0.763175748457544,-0.00636892891484486
0,0,-0.164523596253587,0.470489453107761
0,0,-0.253361680136508,0.278218649064741
0,0,0.696963375404737,-0.977902941018112
0,0,0.556663198673657,-0.92658614214595
0,0,-0.68875569454952,1.9197704626212
0,1,-0.70749515696212,0.881277787776179
0,0,0.36458196213683,0.742081771926477
0,1,0.768532924515416,0.147573404049434
1,1,-0.112346212150228,0.485388564992269
1,1,0.881107726454215,0.151856039545981
0,0,0.398105880367068,0.0419987540872705
0,0,-0.612026393250771,0.223422311943048
0,0,0.341119691424425,-1.01046508600421
0,0,-1.12936309608079,2.40122210197122
1,1,1.43302370170104,0.801961790270882
1,1,1.98039989850586,-0.25120795895565
0,0,-0.367221476466509,1.21288937082924
0,0,-1.04413462631653,-0.627258086004879
1,0,0.569719627442413,1.71115850747586
0,0,-0.135054603880824,-0.39437355302276
0,0,2.40161776050478,-2.32149085645191
0,1,-0.0392400027331692,1.36411919539957
0,0,0.689739362450777,1.13222913272875
0,0,0.0280021587806661,-0.774316319358709
0,0,-0.743273208882405,-1.41037496599359
0,0,0.188792299514343,-1.83452758069664
0,0,-1.80495862889104,-0.269013537930427
0,0,1.46555486156289,-1.83392857727967
1,1,0.153253338211898,-0.814468018774975
1,1,2.17261167036215,0.163572122378624
1,1,0.475509528899663,0.855519222050403
0,0,-0.709946430921815,-0.819963126879738
1,1,0.610726353489055,-0.123602759975676
0,0,-0.934097631644252,0.254948236041434
0,0,-1.2536334002391,1.71892633823732
0,0,0.291446235517463,-0.958543527527119
0,0,-0.443291873218433,-1.60431026176048
0,0,0.00110535163162413,-1.8456094217108
0,1,0.0743413241516641,0.55573718528977
1,0,-0.589520946188072,-0.0601191913503692
0,0,-0.568668732818502,0.772086304393126
0,0,-0.135178615123832,-0.140839387157354
1,1,1.1780869965732,0.393093925514259
0,0,-1.52356680042976,0.224218574159447
0,0,0.593946187628422,0.0235419851685809
1,1,0.332950371213518,-0.622962659764788
1,1,1.06309983727636,1.26200938062639
0,0,-0.304183923634301,-0.405774042775771
0,0,0.370018809916288,0.666763771442479
0,0,0.267098790772231,0.164639154530128
1,1,-0.54252003099165,1.78152447478717
1,1,1.20786780598317,0.711213964323878
0,0,1.16040261569495,-0.33769115586237
0,0,0.700213649514998,-0.00914895226735463
0,1,1.58683345454085,-0.125309208413434
0,0,0.558486425565304,-2.0908460969723
0,0,-1.27659220845804,1.69739389482068
0,0,-0.573265414236886,1.06388115448751
0,0,-1.22461261489836,-0.766616636225272
0,0,-0.473400636439312,0.38200755917038
1,1,-0.620366677224124,0.241895903606986
1,1,0.0421158731442352,-1.13275941105242
0,0,-0.910921648552446,1.48990741365323
0,0,0.158028772404075,-0.248247104968965
0,0,-0.654584643918818,0.183583707943453
1,0,1.76728726937265,0.404871009439746
0,0,0.716707476017206,-0.994124469309423
0,0,0.910174229495227,-1.08542932956727
0,0,0.384185357826345,-0.0485425545297223
1,1,1.68217608051942,0.576085600512206
0,0,-0.635736453948977,0.0738305318446132
0,0,-0.461644730360566,0.705945571302218
0,0,1.43228223854166,0.334980103391354
0,0,-0.650696353310367,0.545387805924617
0,0,-0.207380743601965,-1.40290590594127
0,0,-0.392807929441984,0.677053890943881
0,0,-0.319992868548507,-0.789800446142907
0,0,-0.279113302976559,-0.465728889434096
0,0,0.494188331267827,-0.104852065234789
0,0,-0.177330482269606,-1.64785108730534
0,0,-0.505957462114257,-0.0995369519713592
0,0,1.34303882517041,-0.439857636843203
0,0,-0.214579408546869,-0.718511451938464
0,0,-0.179556530043387,-0.554597596334913
0,0,-0.100190741213562,1.24548917675143
0,0,0.712666307051405,-1.2589213509611
0,0,-0.0735644041263263,-0.215384481428024
0,0,-0.0376341714670479,-2.47196171011946
0,0,-0.681660478755657,-0.674169320106069
0,0,-0.324270272246319,-0.501297185429917
1,1,0.0601604404345152,1.54232578795203
0,0,-0.588894486259664,-0.962018065236758
0,0,0.531496192632572,-0.872179536441406
0,0,-1.51839408178679,-1.39762961790436
1,0,0.306557860789766,0.179805166816406
0,0,-1.53644982353759,1.15409198778734
0,0,-0.300976126836611,-1.19853361008649
0,0,-0.528279904445006,-0.425724401474022
0,0,-0.652094780680999,1.36630860884751
0,0,-0.0568967778473925,-0.684297394658662
0,0,-1.91435942568001,0.685512208376277
0,1,1.17658331201856,0.389503542813737
0,0,-1.664972436212,-1.3053959238053
1,1,-0.463530401472386,1.21688801110113
0,0,-1.11592010504285,0.79517401827231
0,0,-0.750819001193448,-0.4882025094258
0,0,2.08716654562835,-0.903993454630162
0,0,0.0173956196932517,-0.390418418086926
0,0,-1.28630053043433,0.814063415145414
0,0,-1.64060553441858,-0.564249280183431
0,0,0.450187101272656,-1.87420531876932
0,0,-0.018559832714638,-0.1429047109211
0,0,-0.318068374543844,0.77190400974234
1,0,-0.929362147453702,-1.15911793016754
0,0,-1.48746031014148,-0.237915527670336
1,0,-1.07519229661568,-1.22219332602225
1,0,1.00002880371391,0.116806212925635
1,0,-0.621266694796823,-0.132499628013521
0,0,-1.38442684738449,-0.0336847760376347
1,0,1.86929062242358,-0.62232641822747
1,0,0.425100377372448,-0.709363461552928
0,0,-0.238647100913033,0.871445414408745
0,0,1.05848304870902,0.105138019037167
0,0,0.886422651374936,-0.186935267573857
0,0,-0.619243048231147,-3.21318853242083
0,0,2.20610246454047,-1.27561870316385
0,0,-0.255027030141015,0.762906317886378
0,0,-1.42449465021281,-0.406815143442807
0,0,-0.144399601954219,-1.20831778388061
1,0,0.207538339232345,-0.43932265687835
0,0,2.30797839905936,-0.375580745942977
1,0,0.105802367893711,-0.501442395146708
1,0,0.456998805423414,0.496612575778754
0,0,-0.077152935356531,1.52088093822893
0,0,-0.334000842366544,0.988091827811358
0,0,-0.0347260283112762,1.24612253397107
0,0,0.787639605630162,-0.329867327498483
1,1,2.07524500865228,0.844344713988944
0,0,1.02739243876377,-0.981075755246316
0,1,1.2079083983867,-0.139221405117457
0,0,-1.23132342155804,2.1854379064735
1,0,0.983895570053379,-0.0128280098786072
0,0,0.219924803660651,-0.305308925970688
0,0,-1.46725002909224,-0.584213460652307
1,0,0.521022742648139,0.771268501872661
0,0,-0.158754604716016,2.1061893617618
0,0,1.4645873119698,0.412157036847037
0,0,-0.766081999604665,-0.261264878093957
0,0,-0.430211753928547,2.07378364600369
0,0,-0.926109497377437,-0.778830223440943
0,0,-0.17710396143654,1.1315325132809
1,0,0.402011779486338,-0.421345128083654
0,0,-0.731748173119606,-1.02174737001973
1,1,0.830373167981674,1.21830537874678
0,0,-1.20808278630446,-1.79976067489539
0,0,-1.04798441280774,-0.308249938350721
1,0,1.44115770684428,0.0155152433487359
0,0,-1.01584746530465,-0.442317718666929
0,0,0.411974712317515,-1.63800773288119
0,0,-0.38107605110892,-0.641401156182851
0,0,0.409401839650934,-1.55703574445065
1,1,1.68887328620405,1.92316365296288
1,0,1.58658843344197,-1.85682962839986
0,0,-0.330907800682766,-2.10611843559503
0,1,-2.28523553529247,0.697648526944346
1,1,2.49766158983416,0.907444407728329
1,1,0.667066166765493,-0.195988198884024
0,0,0.5413273359637,-0.2068204879556
1,0,-0.0133995231459087,0.725043170475101
1,1,0.510108422952926,1.3987189554318
0,0,-0.164375831769667,-1.59055514942723
1,1,0.420694643254513,1.30449707663973
1,1,-0.400246743977644,0.196011733697651
0,0,-1.37020787754746,-0.339343445485698
1,1,0.987838267454879,1.26514414014377
0,0,1.51974502549955,0.939773685073443
0,0,-0.308740569225614,1.27795248593622
0,0,-1.25328975560769,-0.291160143634804
0,0,0.642241305677824,0.776172449681573
0,0,-0.0447091368939791,0.295725633211195
0,0,-1.73321840682484,-0.517199554781421
1,0,0.00213185968026965,1.75723302433968
0,1,-0.630300333928146,0.161726818855121
0,0,-0.340968579860405,-0.0546843758381312
0,0,-1.15657236263585,0.528971600668833
1,1,1.80314190791747,0.389734521255614
0,0,-0.331132036391221,-0.705771414843546
0,0,-1.60551341225308,-0.0531784750924348
1,1,0.197193438739481,2.60644448878565
0,1,0.263175646405474,-0.0725931047832675
0,0,-0.985826700409291,-0.296271891430325
0,0,-2.88892067167955,0.734330336061997
0,0,-0.640481702565115,0.40148074643659
1,0,0.570507635920485,-0.538301076039725
0,0,-0.05972327604261,-1.08272281091707
0,0,-0.0981787440052344,0.847801407504121
0,0,0.560820728620116,0.118845015006807
0,0,-1.18645863857947,0.482247222776156
1,0,1.09677704427424,-0.291324804724124
0,0,-0.00534402827816569,-1.65211027147727
0,0,0.707310667398079,0.0690945982758841
1,1,1.03410773473746,2.39057669996185
0,0,0.223480414915304,-1.46177168630104
0,0,-0.878707612866019,-0.984806292747729
0,1,1.16296455596733,-1.33605374450295
0,0,-2.00016494478548,-0.365131611733055
0,0,-0.544790740001725,1.38145424797967
0,1,-0.255670709156989,-0.153317255754176
0,0,-0.166121036765006,-0.255571634239904
0,0,1.02046390878411,-1.28862710359708
1,0,0.136221893102778,0.06526641700069
0,0,0.407167603423836,1.03532642142089
1,1,-0.0696548130129049,2.26021579186023
1,0,-0.247664341619331,1.31469627531537
0,0,0.69555080661964,-0.870023345687065
0,0,1.1462283572158,-0.503130035385095
0,0,-2.40309621489187,0.607455555255871
0,0,0.572739555245841,-0.0100414162545742
1,1,0.374724406778655,0.275330299618763
0,0,-0.425267721556076,-1.31229878337135
0,0,0.951012807576816,-0.42652986734355
0,0,-0.389237181718379,-0.926404247679901
0,0,-0.284330661799574,-0.928557924611241
0,0,0.857409778079803,-0.718900602222104
1,0,1.7196272991206,-0.414790569518114
0,0,0.270054900937229,-0.00566789314053156
0,0,-0.42218400978764,0.633448919494853
0,0,-1.18911329485959,-0.50918077365596
0,1,-0.33103297887901,-0.857008619328728
1,0,-0.939829326510021,1.61616757681286
0,0,-0.258932583118785,0.993866406838329
0,0,0.394379168221572,0.696845859405803
1,0,-0.851857092023863,1.6999706729654
1,1,2.64916688109488,-0.977741945262675
1,1,0.156011675665079,2.04881758195934
1,1,1.13020726745494,1.22644932416057
0,0,-2.28912397984011,0.307023011977597
0,0,0.741001157195439,0.624332983926657
0,0,-1.31624516045156,0.0613414424510207
0,0,0.919803677609141,-0.110825791428948
0,0,0.398130155451956,-1.5762335600693
0,0,-0.407528579269772,0.742589845818649
1,1,1.32425863017727,2.14232339810565
1,1,-0.70123166924692,2.08977295667316
1,1,-0.580614304240536,0.169794327127524
0,0,-1.00107218102542,-0.107877788921055
0,0,-0.668178606753393,0.18199449457932
1,1,0.945184953373082,1.14592817832429
1,1,0.433702149545162,1.47729882260241
1,1,1.00515921767704,0.40794415253402
0,0,-0.390118664053679,1.11427873521406
1,1,0.376370291774648,-0.0270758439935565
0,1,0.244164924486494,0.497722203347278
0,0,-1.42625734238254,1.18564001363487
1,1,1.77842928747545,3.63957362674029
1,0,0.134447660933676,-0.05400259559406
1,0,0.765598999157864,-0.668147316886616
1,0,0.955136676908982,0.445807957415336
1,0,-0.0505657014422701,-0.405825246363776
0,0,-0.305815419766971,0.635283144521572
1,0,0.893673702425513,0.341248399134537
0,0,-1.0472981490613,1.31616716303968
1,1,1.97133738622415,-0.959776483661365
0,0,-0.383632106288362,-1.20557521138083
1,1,1.65414530227499,1.56757305821464
1,1,1.51221269395063,0.225285799791068
1,0,0.082965733585914,-0.92241065744061
1,1,0.5672209148515,-1.07377241040219
0,0,-1.02454847953446,-0.552358285562395
0,0,0.323006503022436,0.590461401136985
0,0,1.04361245835618,-0.527275410724916
0,0,0.0990784868971982,1.34184616376387
1,0,-0.45413690915436,0.243844628486594
0,0,-0.65578185245044,0.195880789394313
1,0,-0.0359224226225114,-0.015519728626234
0,0,1.0691614606768,-0.297577328151777
0,0,-0.483974930301277,-0.167679147061436
1,0,-0.121010111327444,1.15647857993652
0,0,-1.29414000382084,-1.33876400921731
0,1,0.494312836014856,1.08676877525818
0,0,1.30790152011415,-0.350684196699262
1,0,1.49704100940278,0.7347232445509
1,0,0.814702730897356,-0.058414483783753
0,0,-1.86978879020261,-1.34581290425275
0,0,0.48202950412376,0.346905269277825
0,0,0.456135603301202,-0.638404646984218
1,1,-0.353400285829911,1.12439235451868
0,0,0.170489470947982,-0.827733030814888
0,0,-0.864035954126904,-1.78778013751545
0,0,0.679230774015656,-0.854010002564265
0,0,-0.327101014653104,-0.572022722356352
0,0,-1.56908218514395,-0.825930678709155
0,0,-0.367450756170482,-0.237584094046457
0,0,1.36443492906985,-0.59532649610771
0,0,-0.334281364731164,-0.410742194759605
0,0,0.732750042209102,0.327991438408655
1,1,0.946585640197786,-1.1636466116897
0,0,0.00439870432637403,0.760177665022408
0,0,-0.352322305549849,-0.00255583605038963
0,0,-0.529695509133504,-0.0382277709150002
0,0,0.739589225574796,-2.03623741998002
0,0,-1.06345741548281,-0.301229079436562
0,0,0.2462108435364,-0.55564610443147
0,0,-0.289499366564312,0.847295415715293
0,0,-2.26488935648794,1.39082051104259
0,0,-1.40885045607319,1.23124621524982
1,1,0.916019328792574,-1.11333746215215
0,0,-0.1912789505352,-0.796053892663566
0,0,0.803283216133648,-0.0895198771467189
1,1,1.8874744633086,-1.05965688786145
1,0,1.47388118110914,-1.60431219398007
0,0,0.677268492312998,0.79135066602523
0,0,0.379962686566745,0.0681565280589811
1,0,-0.192798426457334,0.614395999728088
1,1,1.5778917949044,-1.20306775282719
0,0,0.596234109318454,-0.340454835360631
1,0,-1.17357694087136,-1.17124863442311
0,0,-0.155642534890318,-0.829414767635146
0,0,-1.91890982026984,0.229212041805047
0,0,-0.195258846110637,-0.814992918282738
0,0,-2.59232766994599,-0.993445514613447
1,0,1.31400216719805,-1.30616845900918
0,0,-0.635543001032135,-1.43422177150788
0,0,-0.429978838694188,-0.862847933236671
0,0,-0.169318332301963,1.70379920381415
1,0,0.612218173989128,-0.655632596473974
0,0,0.6783401772227,-1.11316862562595
0,1,0.567951972471672,-1.40550544636836
0,0,-0.572542603926126,-0.150643686787645
0,0,-1.36329125627834,-0.394006912428776
0,0,-0.388722244337901,0.252069319747878
0,0,0.277914132450543,-0.282706437731961
1,0,-0.823081121572025,0.86766761253418
1,0,-0.0688409344784646,0.720091121287667
1,0,-1.1676623261298,1.05606960140852
1,0,-0.0083090142156068,0.243502060378394
0,0,0.128855401597405,1.11436266207131
0,0,-0.145875628461003,-0.0765527137248828
0,0,-0.163910956736068,0.932925053950374
1,1,1.76355200278492,-0.157981738669148
0,1,0.762586512418318,-0.681509514802608
0,0,1.11143108073063,-1.22010109142514
0,0,-0.923206952829831,-0.708912991624368
0,0,0.164341838427956,-0.748679597841446
0,0,1.15482518709727,0.57607752614667
0,0,-0.0565214245264898,-0.0520994639309632
0,0,-2.12936064823465,-0.630337173595477
1,0,0.344845762099456,-0.898336065510746
0,0,-1.90495544558553,1.51268587551728
0,0,-0.811170153140217,-0.236749292754605
1,1,1.3240043212996,-1.2488034215964
1,1,0.615636849302674,-0.430009336385521
1,1,1.09166895553536,0.0932994364677102
1,1,0.306604861513632,0.833041088710478
0,0,-0.110158762482857,-0.0849324781188742
0,0,-0.924312773127284,0.111853039012255
1,0,1.5929137537192,-1.03943594284897
0,0,0.0450105981218803,0.796422813520926
0,0,-0.715128400667883,0.0999033761579581
0,0,0.865223099717138,0.736959753190812
0,0,1.0744409582779,1.54688133441627
1,1,1.89565477419858,0.178920971863378
1,0,-0.602997303605094,-0.282546591643236
0,0,-0.390867820723137,-0.76729877857509
0,0,-0.416222031530192,-0.576404240243122
0,0,-0.375657422820391,-0.914855840000763
0,0,-0.366630945702358,0.369910961287378
0,0,-0.295677452700886,-1.46768436330169
0,0,1.44182041019987,-1.74536197840808
1,0,-0.697538291913041,-0.66738180392146
1,1,-0.38816750592136,1.08427900648207
1,1,0.652536452171517,0.122831641432163
1,0,1.12477244653513,-0.494249394753101
0,0,-0.772110803023928,0.669588183914499
0,0,-0.508086216138287,-0.351478853334928
0,0,0.523620590498017,-0.11498040088108
0,0,1.01775422653797,0.0729869418013214
0,0,-0.251164588087978,1.08877461255298
0,0,-1.42999344738861,1.29256873846574
1,1,1.70912103210088,1.28251129409906
1,1,1.43506957231162,0.979056118294658
0,0,-0.71037114584988,0.329469783429092
0,0,-0.0650675736555838,1.8796357177335
0,0,-1.75946873536593,2.04289903105136
0,1,0.569722971819101,1.32857637262015
0,0,1.61234679820178,-0.219668643736572
0,0,-1.63728064710472,-1.0400474315513
1,0,-0.779568513201747,0.19294978270913
0,0,-0.641176933750564,-0.555236251879244
0,0,-0.681131393571156,0.274990889851362
0,0,-2.03328559561795,-0.55051340508595
1,1,0.500963559247907,0.921259893093488
0,0,-1.53179813996574,2.18945599237245
0,0,-0.0249976392782635,0.963994790082482
1,0,0.592984721025293,0.741818476272659
0,0,-0.19819542148464,0.037356564959467
1,1,0.892008392473526,2.18083368623473
0,0,-0.0257150709181537,-0.0795852035074668
0,1,-0.647660450585665,1.37629502882361
0,0,0.64635941503464,1.57531667679071
1,1,-0.433832740029588,0.160376978407948
0,0,1.7726111849785,-3.25322007290293
0,0,-0.0182597111630101,-0.329930487313703
1,1,0.852814993600531,0.457089825662592
1,0,0.205162903244026,-1.30410375743438
0,0,-3.00804859892048,-1.29117343884522
0,0,-1.36611193132898,0.906379731668726
1,0,-0.424102260144812,-2.79596149521123
0,0,0.236803663745558,0.233560571320303
0,0,-2.34272312035896,-0.269035938649161
0,0,0.961696633380712,-0.658545055017142
1,1,-0.60442573385444,0.0633457930705781
0,0,-0.752877279362913,0.0544768390649905
0,0,-1.55561159254425,0.247009323436638
0,0,-1.45389373800106,0.124035547905759
0,0,0.0563318360544103,-0.535256699607607
1,0,0.509369406673892,0.258482591385961
0,0,-2.0978829597843,1.38770886795755
0,0,-1.00436197944933,0.667170446299684
1,1,0.535771722252592,1.49704945208069
0,0,-0.453037084649918,-0.274880403443707
1,1,2.16536850181726,0.583075843370735
0,0,1.24574667274811,0.503358526281824
0,0,0.595498034069596,-0.74324768197525
1,0,0.0048844495381889,-0.816877585453861
0,1,0.279360782055259,1.87028368106197
0,0,-0.705906125267626,-0.827253044046263
0,0,0.628017152957251,0.950712693584276
1,1,1.4802139600857,-0.266172351060701
1,0,1.08342991008328,-1.0990821816966
0,0,-0.813244256664091,-1.53421754307361
0,0,-1.61887684922359,-1.20630985963392
0,0,-0.109655699488241,-1.95002527285931
0,0,0.440889370916978,-0.884040029631817
1,1,1.3509939798086,0.973405985201601
0,0,-1.31860948453356,-0.580971315835475
1,1,0.364384592607448,1.73676738151204
0,0,0.233499835088518,-0.172675318153217
0,0,1.19395526125905,-0.937992531749062
0,0,-0.0279099721295774,-0.28459365979305
0,0,-0.357298854504253,-0.589018101666963
0,0,-1.14681413611837,-0.44393142602891
0,0,-0.517420483593623,0.0599965734692298
0,0,-0.362123772578272,0.0822329488652121
1,0,2.35055432578911,0.758397523687175
1,1,2.44653137569996,0.539662990903339
0,0,-0.166703279484276,0.776647646532491
0,0,-1.04366743906189,0.132171664674437
0,0,-1.97293493407467,-0.806865299790739
0,0,0.514671633438029,0.449350085786593
0,0,-1.09057358373486,0.41264145683315
1,1,2.28465932554436,-0.403614049111987
0,0,-0.885617572657959,-0.38808827747742
0,0,0.111106429745722,1.09518774784029
1,1,3.81027668071067,1.34048004305313
0,0,-1.10890999794325,0.114405546675648
0,0,0.307566624421454,-0.392264620281621
1,1,-1.10689447222516,1.65235784319754
0,0,0.34765364882196,-1.24369760877461
0,0,-0.873264535062044,-0.911925870779559
1,1,0.0773031227369236,0.850043471893941
1,0,-0.296868642156621,-0.925312995099251
0,0,-1.18324224043267,0.893581214441206
0,0,0.0112926884238996,-0.941009737811872
0,0,0.991601036059367,0.538952094101553
1,1,1.59396745390374,-0.181974398105336
0,0,-1.37271127092917,0.891767594965122
0,0,-0.249610933042319,1.32920820523491
0,0,1.15942452685555,-0.103466125206476
0,0,-1.1142223478436,0.615064610722324
0,0,-2.52850068885039,-1.7997723953362
0,0,-0.935902558513312,-0.262705141643009
0,0,-0.967239457935565,-1.21014187687842
1,1,0.0474885923277959,0.204477252550871
0,0,-0.403736793498034,-0.0139941045119107
0,0,0.231496128244633,-0.235200839818886
1,0,-0.422372407926746,-0.188318654237954
1,0,0.374118394695298,0.951283068840505
1,1,-0.366005774997015,-0.154014785973495
1,1,1.19010144652106,1.85424450475186
1,0,-0.737327525257229,-1.90416735438949
0,0,0.290666645439266,0.359299701900462
0,0,-0.884849568284455,2.1145349462097
1,0,0.208006478870832,-1.13574898684316
0,0,-0.0477301724785263,-0.796255985784339
0,0,-1.68452064613859,-0.397569450150752
0,0,-0.144226556618951,0.0917240415455821
0,0,1.18021366550265,-0.238694074135277
1,0,0.681399923199504,-0.461962363699386
0,0,0.143247630887551,1.9263406073496
0,0,-1.19231644371292,0.122054814822625
1,0,1.16922865278909,1.09205057650629
0,0,0.0792017089453723,-2.97225747544741
1,0,-0.451773752768677,1.12848905096528
1,1,1.64202821280077,1.31200012901363
0,0,-0.769592321599518,-0.48260797306504
0,0,0.303360960757848,-0.224858996653821
0,0,1.28173742118351,1.66776531087937
1,1,0.602222795170429,0.0412185323166061
1,0,-0.307022264536836,1.03817484555139
0,0,-0.418418103422641,0.587642933342248
1,1,0.355135530046085,-0.158299577145634
0,0,0.513481114599557,-0.292085414891579
0,0,0.01860740032874,-1.41989896333921
0,0,1.31844897225668,-2.13831802520847
0,0,-0.065831999838153,-0.0225001049025996
0,0,-0.700296078317704,0.269770953624943
0,0,0.537326131521341,-0.502969399031042
0,0,-2.20178232235392,0.630807390367713
0,0,0.391973743798411,0.474565208416551
0,0,0.496960952423719,-0.340659061576436
0,0,-0.224874715429902,0.0496015595221469
0,0,-1.11714316533188,1.2952631908601
1,0,-0.394994603313877,0.314624204958306
1,1,1.54983034223631,0.801572503702334
0,0,-0.743514479798666,0.486058896232458
0,0,-2.33171211772957,1.72556105665083
0,0,0.812245442209214,0.102432860750801
0,0,-0.501310657201351,-0.989837074939336
1,1,-0.510886565952357,-0.460441208998887
0,0,-1.21536404115501,0.237661491971588
0,0,-0.022558628347222,-0.269397264170906
0,0,0.701239300429707,-0.169554069656641
0,0,-0.587482025589799,0.664868973266608
0,0,-0.60672794141879,-0.775550915205345
0,1,1.09664021500029,-1.91926113102924
0,1,-0.247509677080296,2.01933253963338
0,0,-0.159901713323247,0.435210514869015
0,0,-0.625778250735075,1.05016883215485
0,1,0.900434635600238,-0.312114840650401
0,0,-0.994193629266225,0.0936176173045456
0,0,0.849250385880362,-2.15318775058657
1,0,0.805702288976437,0.357993071026488
0,0,-0.46760093599122,0.467864811329475
1,0,0.848420313723343,-0.906688834876339
1,1,0.986769863596017,-0.529349915526749
1,1,0.57562028851936,1.34357671685515
1,1,2.02484204541817,0.46943405662348
0,0,-1.96235319122504,-0.253105087750424
1,0,-1.16492093063759,0.369103715328425
0,0,-1.37651921373083,-1.34670719045078
0,0,0.167679934469767,1.1719354256206
0,0,1.58462907915972,-1.9087363449263
0,0,1.67788895297625,-1.00439081062399
1,0,0.488296698394955,0.676687513659109
0,0,0.878673262560324,1.15232174421702
0,0,-0.144874874029881,-1.73275991756331
1,1,0.468971760074208,0.601308856586064
0,0,0.376235477129484,0.341650314074502
1,1,-0.761040275056481,-0.0352810090657197
0,0,-0.293294933750864,-0.626165019795731
0,0,-0.134841264407518,-0.855971209746084
1,1,1.39384581617302,0.151777841973793
1,0,-1.03698868969829,1.20637269384613
0,0,-2.11433514780366,-1.48857788320267
0,0,0.768278218204398,-1.05037412306876
1,0,-0.816160620753485,1.63787411690859
0,0,-0.436106923160574,-1.20733418120328
0,0,0.904705031282809,-2.62615508460277
0,0,-0.763086264548317,0.0174632661510191
0,0,-0.341066979637804,0.344194027368263
1,1,1.50242453423459,0.0127198373321256
0,0,0.5283077123164,-0.873450133188962
1,0,0.542191355464308,0.342800284341219
0,0,-0.136673355717877,-0.177387754282478
0,0,-1.13673385330273,0.921433254590606
0,0,-1.49662715435579,0.300944402209543
0,0,-0.223385643556595,0.693386752709799
1,0,2.00171922777288,0.325471906278775
1,0,0.221703816213622,0.408051022728875
1,1,0.164372909246388,0.759842255891014
0,0,0.33262360885001,-2.28715352045041
0,0,-0.385207999091431,0.517838261588457
0,0,-1.39875402655789,-1.34723625828609
1,1,2.67574079585182,0.363159858868327
0,0,-0.423686088681983,1.31475256465827
0,0,-0.298601511933064,-0.448305910907794
0,0,-1.79234172685298,-0.80816446825925
1,1,-0.248008225068098,-0.0862684990395799
0,0,-0.247303918374605,1.58542427252084
0,0,-0.255510378526346,0.101057448186687
0,0,-1.78693810009257,0.148762211652968
0,1,1.78466281602476,-0.546434668144039
1,1,1.76358634774588,-0.527675587264115
1,0,0.689600221934096,-0.139871559492049
0,0,-1.10074064442392,-1.58941141444985
1,1,0.714509356897811,1.23410416568767
0,0,-0.246470316934021,-0.335454848332105
0,0,-0.319786165927205,-2.00100250680987
0,0,1.3626442929547,-0.0174584027383683
0,0,-1.22788258998268,-0.240966895843615
0,0,-0.511219232750473,-1.79198939892252
0,0,-0.731194999064964,2.04969151122701
0,0,0.0197520068767907,-1.11721761151088
0,0,-1.57286391470999,-1.35354954481764
1,0,-0.703333269828288,0.451302311030919
0,0,0.715932088907665,1.0332274248505
1,1,0.465214906423109,-0.195885695113888
1,0,-0.973902306404292,0.227310386780745
0,0,0.559217730468333,-1.10219974998749
0,0,-2.43263974540567,0.95527736854135
0,0,-0.340484926702145,0.31283044591251
0,0,0.713033194850233,0.10100571319913
0,0,-0.659037386489128,0.748115414290238
1,0,-0.0364026225664853,0.998960894793609
0,0,-1.59328630152691,-0.732515309013158
0,0,0.847792797247769,0.480895240110787
0,0,-1.85038884866061,-0.989450308257357
1,0,-0.323650631690314,2.22955904834575
1,0,-0.255248112503172,0.456736599588872
0,0,0.0609212273067499,-0.0358154435846572
1,0,-0.823491629018878,-0.49044270641976
0,0,1.82973048483604,-0.220566611180815
0,0,-1.4299162157815,-1.10120936078499
0,1,0.254137143004585,0.063470471357051
0,0,-2.93977369533598,0.583525933087138
0,0,0.00241580894347513,-0.513358846194759
0,0,0.509665571261936,-0.812552121927585
0,0,-1.08472000111396,-1.62931990551456
1,0,0.704832976877566,0.568905706511775
1,0,0.330976349994212,0.333783306704956
0,0,0.976327472976372,-0.211322559368946
1,0,-0.843339880398736,-0.551097930399239
0,0,-0.970579904862913,0.258361128941135
0,0,-1.77153134864293,-1.375210446411
0,0,-0.322470341645949,-1.4727541491027
1,0,-1.3388007423545,-1.44520967284587
0,0,0.688156028146055,-0.361288424621171
0,0,0.0712806522505788,0.79070996473063
1,1,2.18975235927918,0.714657846323989
0,0,-1.15770759930148,-0.565153517298012
1,1,1.18168806409233,1.41801430342912
0,0,-0.527368361608178,-1.14575678099
0,0,-1.45662801131076,-0.492817822952378
0,0,0.572967370493168,-0.73305227365599
0,0,-1.43337770467221,0.15923208035453
0,0,-1.0551850185265,-1.75119295921948
0,0,-0.733111877421952,1.18483086705245
0,0,0.210907264251298,1.20703160102077
1,1,-0.99892072706101,0.977649326530504
1,1,1.07785032320562,-0.0819917440431946
0,1,-1.19897438250787,1.15626342259789
1,1,0.216637035184711,0.486796336752512
1,0,0.143087029788927,0.95884866279506
0,0,-1.06575009105298,0.177792371188778
1,1,-0.428623410701779,0.292250881034058
0,0,-0.656179476771346,-2.11334068465336
0,0,0.959394326857613,-0.538047910821091
0,1,1.55605263610222,1.01402558475317
0,0,-1.04079643378825,0.101269641473852
0,0,0.930572408540247,-1.21870737154808
0,0,-0.0754459310121911,-0.958376792791154
0,0,-1.96719534905096,-0.555797484605983
0,0,-0.755903642645193,2.12187591164329
0,0,0.461149160506762,-0.179589987560952
0,0,0.145106631047872,-0.644735408242739
0,0,-2.44231132108142,-2.09258377175654
0,0,0.580318685451573,-1.90187083769886
1,1,0.655051998486745,1.22225027632159
0,0,-0.304508837259419,-0.851220441380158
0,1,-0.707568232617297,1.62120288295757
1,0,1.97157201447823,-0.329102801964517
0,0,-0.0899986806477491,-2.32640952744011
0,0,-0.0140172519319242,2.1929979995365
0,0,-1.12345693711015,-1.08247997639693
0,0,-1.34413012337621,-0.506360967360063
0,0,-1.52315577106209,0.0959189568330369
0,0,-0.421968210382174,-0.120165257941563
0,0,1.36092446408098,-1.51866762967456
0,0,1.75379484533487,-1.51058506284295
1,1,1.56836473435279,1.3956049282303
0,0,1.29675556994775,-0.708421944079962
0,0,-0.237596251443612,0.827938353109991
0,0,-1.22415013568071,1.70775583721357
0,0,-0.327812680140072,-0.779166556871574
0,0,-2.41245027627225,-0.706899068671983
0,0,-0.31379287344339,-1.99290251051536
1,0,1.65987870464572,1.89987653291093
0,0,0.130953100607517,-0.756206935872664
0,0,1.09588868268958,-0.377955779724224
0,0,0.489340956943913,-1.36395480148574
0,0,-0.778910295448653,0.74195815930761
1,1,1.74355935292935,1.61097599601383
0,0,-0.0783872853310662,0.227387446895332
1,0,-0.975553792522548,-0.400515673917362
0,0,0.0706598247385691,-1.66958039964306
1,0,-1.5185995288232,1.4907010973021
1,1,0.863779032791318,0.691487433198398
1,0,0.501568385364368,-0.0409774766647957
0,0,-0.354781329646987,1.20434485267842
0,0,-0.48842888759119,1.29851496357034
0,0,0.936293947292698,-0.462217020759918
0,0,-1.06240838642214,-1.22577374782218
0,0,-0.983820871704388,0.963266754105759
0,0,0.424247877020078,0.693211227960882
0,0,-0.451313480552634,-0.501393165926139
1,1,0.925084796723901,3.15397141698372
0,0,-0.198620809812313,-2.54910689501694
0,1,1.1948510169004,-0.00813808482908667
1,1,0.495544705180151,1.1387806409713
0,0,-2.24515257409297,1.48234646794641
0,0,-1.33537136041822,0.975845008963832
1,0,1.28277520617769,0.14835029328322
0,0,0.690795904173712,0.788908757307724
0,1,-0.967062667858309,0.557581219707707
0,0,-1.34579368502011,-0.0273943930429063
0,0,1.03366538931573,-0.877074958800242
0,0,-0.811776459663054,1.2162434707284
1,0,1.80172547861817,-0.351249812274922
0,0,1.77154196037941,-0.294393117373541
0,0,-1.45469136980239,0.253137809458962
0,0,-0.845654312575637,0.0114979858264514
0,0,-1.25047965932418,-1.97578396222506
0,0,0.667288067904176,-0.426326723861569
0,0,-1.29076968763763,0.612302560110158
0,0,-2.03500353846891,1.2308141088357
1,1,2.02134699449252,-1.27080780802968
0,0,1.00597348761217,-0.650555663503596
0,0,0.817123601225002,-2.44316623718536
1,0,-0.663988283577244,0.996548594518466
1,0,-0.0112812312503971,0.00511352840900145
1,1,0.619677256209794,0.791024763837734
1,0,-1.2812387419642,-0.563191536791144
1,1,-0.124261326376048,0.213826202698897
1,0,0.175741654501771,0.977082664102224
1,0,1.69277379447271,-0.234161102635821
1,1,0.642132717206933,0.848660553954768
1,1,1.28223303234921,0.653970890565347
0,0,0.140546973547383,-1.59057002627388
0,0,-1.11250268318057,0.309423132913911
0,0,-0.339676971961898,-2.4859821898856
0,0,-1.66476463926247,-0.278439107296112
1,1,0.928851761720271,-0.552433759333541
0,1,1.41682683471578,0.87604207279027
0,0,-0.0627207776270142,0.293483694441495
0,0,-0.980902336097871,-0.597222046871897
1,0,1.08715025123701,-0.157203603307554
1,1,0.139327026560686,0.184185060278362
0,0,-0.386272097673785,-1.01303201429879
0,0,1.12358542318002,-0.679843404739828
0,0,-0.759845657357593,-1.24269361449976
1,0,1.14895910322903,-1.53501873647929
0,0,-0.84247625893675,-0.524540013110409
0,0,0.391413340392769,-0.0185273854581721
0,0,0.891377242318638,-1.56814717115897
0,0,-1.33525871255432,0.467851674195392
1,0,0.398123477834933,-0.667828863981452
0,0,-0.111586802948826,0.311082359587522
0,0,0.675743916642286,0.142551004168543
0,0,-0.788597935379218,-0.374034720730812
0,0,-0.0869863340574937,-1.94492637603576
0,0,1.38228400775579,-1.59768131407039
0,0,0.168490163808026,-2.54065786097916
1,0,0.823190948275118,1.36204724954097
0,1,-0.220894597616442,-0.360666003351832
0,0,-1.02939165471471,1.93639731086409
0,0,-0.0109256908471287,-1.45588379753146
0,0,-1.22499115544077,1.48190570829728
0,0,-2.59611138844997,1.0761196360479
0,1,1.16912259199149,-0.757488401365975
0,0,-1.08690881697743,0.714085544432429
0,0,-1.82608301264641,0.581384629232897
1,1,0.995281807292567,-0.146723902426033
0,0,-0.0118617814307389,1.50698177745129
0,0,-0.599628394751609,-0.279532643245176
0,0,-0.177947986602105,2.02773873329871
0,0,-0.425981341802302,-1.19574019582924
0,0,0.996658776455071,1.31231789167378
0,0,0.727660708501531,-0.524007512771118
0,0,-1.72663059586351,0.354249509141301
0,0,0.35339849564175,-0.0716744876824941
0,0,0.726813665899557,-0.133144306285028
1,1,0.668260975976705,-0.0880773843693027
0,0,-2.42431730928421,0.917788931310637
0,0,-0.235357425015276,0.031439264369752
1,1,1.97963332091796,1.35893058212786
0,1,0.796794538639531,0.113494845099203
0,0,-1.70927618064586,0.174306546340086
0,0,-1.66366871188344,-0.053480404684855
0,0,0.49110955231555,-0.424758034043152
1,0,-0.174055485572285,0.207911552099919
1,1,0.961290563877483,0.99292291778912
0,0,0.293826661677307,0.813857888451312
1,0,0.0809993635091707,0.996005583833509
1,0,0.183661842799281,1.73274427091968
0,0,0.16625503539133,0.357042034431723
0,0,-1.26959906621425,0.15572633458215
1,1,2.34949332061946,1.55278865626246
1,0,-1.41200540742533,-0.0640696178455259
0,0,-0.0169614927822389,-1.00821875816368
0,0,-0.544319352621665,-0.892895523657041
1,0,1.80011233335541,-0.654514621220146
0,0,1.01144017617923,-1.4337828285212
1,0,-0.563716555906629,1.41818435319827
0,0,0.205420795375023,-0.593885665293328
0,0,1.16546195019875,1.11897179804218
1,1,2.2363228395069,2.38408156329113
1,0,0.302265076168852,-0.40328649415479
1,0,-1.04250660223103,0.370108558443746
0,0,-0.983542313495811,-0.575293013734413
1,1,2.00571858043419,2.91922880714949
0,0,-2.07057148385748,-1.07891478952188
1,1,3.05574236888186,1.17849132928048
1,1,-0.2613505940873,0.869602773179034
0,0,-0.45439325911372,0.931166309798506
1,0,0.157560555463951,1.02468122759902
1,1,0.933388727865257,0.612975056104969
1,1,0.302828275834352,0.608190081478319
0,0,-1.95615022247248,-0.892891710239735
0,0,0.353536709469366,0.452035606317074
0,0,0.450424513742423,-0.374712307021741
0,0,0.659550870534498,2.84018514503792
0,0,-1.03142072760739,0.732393453235039
0,0,-2.37102288136148,0.840518928246033
0,0,-0.324576307824521,-2.2196521173488
0,0,-0.94429875090974,-1.3274637820721
0,0,-0.765889998443101,-0.976660698145144
0,0,-0.953779266719918,-0.587075872029574
0,0,-0.398004449854522,-0.568012815275937
0,0,-0.311217062923606,0.643640956726207
0,0,0.796092713239834,-0.237307107556194
1,0,0.986428343875779,-0.298578025706688
0,0,-0.794531662417426,1.18956255922974
0,0,-0.308817971515212,-2.10894120385805
1,0,0.361444766025588,-0.0732820039954618
0,0,1.39879110483802,0.863402869273734
1,0,-0.0560704196424014,1.07470746145087
0,0,-1.69887349155411,-0.205852630215998
0,0,0.231852545141301,-0.433613832458068
0,0,-0.119090670970556,-0.182223784408139
1,1,1.77249285346043,-0.431078672978459
0,0,0.343422165443603,-0.424609610431925
0,0,-0.623049782354728,-1.3538196764308
0,0,-0.439522293828527,-0.196594948982215
0,0,-0.505296789545481,0.234116136807353
0,0,0.186035137157474,-0.557206294019108
1,0,0.176417797599477,-1.11332527493423
0,0,0.915848206824781,-1.63063542586023
1,1,0.320176726180939,-0.387823881460715
1,1,-0.36668729712132,1.72263201663562
0,0,-0.940611295179737,-0.558500300160839
0,0,0.634702931419534,-0.636660846087287
0,0,-0.0624884823283309,2.78138713385586
0,0,0.182837867691791,-1.95725587639345
1,0,1.10364101842281,0.142527896359
1,1,1.75203561864876,0.664498798923618
0,0,-0.953816460135553,-0.478627492484917
0,0,1.64408045682029,1.18368958312197
1,0,-0.866733529450919,0.805437291322411
0,0,0.266352192194765,0.0533177579003455
0,0,0.222370494855364,-1.1673464152494
0,0,-0.276908509892329,0.323350155867517
1,0,1.39425304101804,-0.320783022434152
0,0,-0.658911999778006,-0.885950264101112
1,1,0.660531280513291,0.151278171838043
1,1,-0.0132557001432984,0.57936347204544
0,0,-0.931480298730843,-0.0791668261764699
1,1,1.21468914346638,0.848767635305161
0,0,-2.08834036550883,-2.51103348713237
1,0,-0.526152469412621,0.738477114377377
0,0,-1.54140256690726,-0.570994285312183
0,0,0.194321069901269,0.286539016362005
1,1,0.264422549440984,1.14761985588741
0,0,-1.11873516870975,0.139558702073078
0,0,0.650952956147074,0.0889266087987601
0,0,-1.032900238582,-2.63015931699317
1,0,0.659201499417982,-1.21722083212186
1,1,0.237829399627714,0.749152578850181
0,0,0.71527594710452,-1.41593292411236
0,0,-0.93848303919385,-0.112382661837672
0,0,0.0953540096781045,0.304032006042898
0,0,-0.462819419956343,-0.354012804948049
0,0,-1.46888215609457,-0.851242489529453
0,0,0.152686505521528,-1.46117307516936
1,1,1.77376261131718,0.264251846213868
0,0,-0.648070933515048,-1.90735794401727
0,0,-0.199817475668204,-0.925231266230656
0,0,0.689243732977183,-0.11157129294476
1,0,0.0361455098365949,-0.965234425432678
0,0,1.94353631225286,-0.162898923853373
1,1,0.737213733789873,0.860184054944303
1,0,2.32133393302204,0.0180987749773109
0,0,0.34890934629397,0.13726245583651
0,0,-1.13391666127592,1.59888607124798
1,0,0.421335267904323,-0.11130084868045
0,0,-0.924556256814186,0.285455873566112
0,0,-1.00706236611934,-1.98390989606672
0,0,-0.189474330103611,0.0307402181073715
1,1,0.9339167001786,-0.760004886262192
0,0,0.343909999577983,-1.22401321751577
1,1,0.814020276463554,1.00236665253138
1,0,0.915341002280603,-0.0215414228588399
0,0,-0.171852130422256,0.94532133928423
0,0,-2.40223111360906,-0.908491216197208
0,0,0.795906851730836,-2.40220222687674
1,1,2.16911586935979,0.162938047526826
1,1,0.0583834994596872,0.943208930634555
0,0,-1.35491444952768,2.54460486023111
0,0,-0.36755076555405,0.887190933493354
0,0,-0.934517579155246,1.06043676648591
1,0,-0.0416392200716165,-0.615747889000869
0,0,0.676112005556641,0.352854881416532
1,0,0.86643614680554,-0.475328128308476
0,0,0.235175024813313,0.422056369813675
0,0,-0.933970133276432,-1.1835591542214
0,0,0.813252167281602,-0.383749583492094
0,1,1.34831855513005,-1.45966580569284
0,0,2.25188277593107,0.0457732244649357
0,0,-0.493652434465923,0.452456113831145
1,0,0.474092599152496,0.0575658703764589
1,0,1.19369166611409,-0.63869385314868
0,0,-0.116395471522116,-0.23868131830546
1,0,0.524858555768479,-1.64290262156884
1,1,0.214421481278423,-0.222574570956619
0,0,-0.134449534536861,-1.77556845073388
0,0,0.168509102875034,-0.0154659027849208
1,1,0.964732769529999,1.7510468744589
1,0,0.408778914004396,0.704206505549981
1,1,-0.466438215174507,1.48101932421716
0,1,-2.23978297582177,1.35288791215922
1,0,-0.795063185124836,-0.329957835667702
0,0,-0.0199551173436351,0.363498740513271
0,0,-2.51442512196431,-1.82766273311387
1,1,2.21095203169735,0.893777744052533
0,0,-1.48876222991277,-0.719124934258425
0,0,-1.16075187561923,0.940509519826436
1,1,1.45773822495573,-1.87115759094389
0,0,-2.18987594871999,1.1470027171805
0,0,0.739062681128372,-0.502991094870725
0,1,-0.344008768542759,1.42589836833203
1,1,0.455876741511694,-0.0193399555708498
1,0,0.878110262544797,-0.638073726419699
0,0,-0.958463922912324,0.498271000392072
1,0,-0.70584484574861,-0.0582467351906532
0,0,-2.99694930322778,-0.626216777775201
0,0,-0.961052324044844,-0.89462076076131
1,1,0.380188253916704,2.4100602149449
0,0,0.505067589582035,-0.949647250572148
0,0,2.02705600379976,0.559151500570031
0,0,0.0646270287396298,-0.211414689679582
1,0,0.463658648401867,-1.01785480180753
0,0,0.0747783326935444,-1.39019098922727
0,0,-0.48683623583544,-1.48862930913481
0,0,0.748910820862606,-1.40604463352557
0,0,0.464234580889638,-1.49623548221371
0,0,0.129420458393473,0.686145924102054
0,0,-0.815460651610283,-0.236761630680826
1,1,-0.0401504517354262,1.99914242920796
1,1,0.781416977680249,0.633238682895559
0,0,0.676452747462629,1.64819754690779
0,0,-0.482652525567947,0.502718643389684
0,0,-0.669113467963509,0.845467412356198
0,0,0.512801321922257,0.467247395729231
1,0,1.04890992895349,-0.402055063696625
1,0,0.121058163102937,0.923526703253396
0,0,-0.313292885379532,-0.0080556407117813
0,0,-0.88067073001145,1.03378423761425
0,0,-0.419286891272189,-0.799126981726699
0,0,-1.4827516780218,1.00423302095334
0,0,-0.697318199400121,-0.311973356192691
